ID,Name,PhotoURL
768073800,Jayden Garcia,https://randomuser.me/api/portraits/men/5.jpg
338271254,Louis Sutton,https://randomuser.me/api/portraits/men/84.jpg
119580554,Micheal Austin,https://randomuser.me/api/portraits/men/78.jpg
117597508,June Stewart,https://randomuser.me/api/portraits/women/68.jpg
67022841,Billie Gutierrez,https://randomuser.me/api/portraits/women/15.jpg
771017610,Alfred Alexander,https://randomuser.me/api/portraits/men/33.jpg
618411493,Marcus Robertson,https://randomuser.me/api/portraits/men/66.jpg
23351215,Celina Tucker,https://randomuser.me/api/portraits/women/83.jpg
753586297,William Thompson,https://randomuser.me/api/portraits/men/99.jpg
588260046,Eleanor Tucker,https://randomuser.me/api/portraits/women/45.jpg
